{
    "rmse": 0.6908224468848003,
    "mae": 0.5362603525611449,
    "r2": 0.22749277144607205
}