{
    "rmse": 0.6888112926352208,
    "mae": 0.5388757296292789,
    "r2": 0.27758974251181345
}