{
    "rmse": 0.6624671043809968,
    "mae": 0.5305608648884541,
    "r2": 0.2667213911808727
}